{
  "name": "EV3Cone",
  "projectType": "AR",
  "viewType": "ar",
  "fileName": "EV3Cone",
  "thingworxServer": "http://pp-1804271345f2.portal.ptc.io:8080",
  "version": "1.39.1560",
  "device": {
    "name": "iphone",
    "width": "375",
    "height": "667"
  },
  "state": {
    "orientation": "portrait"
  },
  "targets": {
    "phone": {
      "components": [
        {
          "name": "Home",
          "fileName": "Home",
          "showInMainMenu": true,
          "viewType": "ar",
          "title": "Home"
        }
      ],
      "images": []
    },
    "shared": {
      "components": [
        {
          "name": "Data",
          "fileName": "Data"
        }
      ],
      "images": [],
      "fragments": [],
      "styles": [
        {
          "name": "App",
          "fileName": "App",
          "fileExt": "scss"
        }
      ]
    }
  },
  "mainNavigationMenuStyle": "leftSideMenu",
  "resourceDirectory": "src/phone/resources",
  "resourceRuntimeDir": "app/resources",
  "fontRuntimeDir": "../fonts",
  "fontDesigntimeDir": "../dist/phone/fonts",
  "theme": "twx-light"
}
