{
  "name": "",
  "version": "1.0.0",
  "requires": [
    "w320dp"
  ],
  "experiences": [
    {
      "vumark": "",
      "experienceType": "none",
      "id": 1,
      "index-keys": [],
      "title": {
        "en": "EV3Cone"
      },
      "description": {
        "en": "AR Experience to visualize the data collected by an EV3 ultrasonic sensor",
        "en-US": "AR Experience to visualize the data collected by an EV3 ultrasonic sensor"
      },
      "requires": [
        "AR-tracking"
      ],
      "tags": [],
      "icon": "",
      "viewName": "Home",
      "url-template": "index.html?expId=1",
      "thingTemplateName": "",
      "entryPoint": "index.html?expId=1",
      "thumbnail": ""
    }
  ],
  "accessType": "public",
  "designedfor": []
}
